{
  "Leaderboard" : {
    "transaction" : "Leaderboard",
    "sampleCount" : 1000,
    "errorCount" : 0,
    "errorPct" : 0.0,
    "meanResTime" : 1234.1319999999982,
    "medianResTime" : 1348.0,
    "minResTime" : 791.0,
    "maxResTime" : 2401.0,
    "pct1ResTime" : 1386.0,
    "pct2ResTime" : 1419.0,
    "pct3ResTime" : 1662.91,
    "throughput" : 0.9998510221976926,
    "receivedKBytesPerSec" : 1.0025771785004034,
    "sentKBytesPerSec" : 0.5959346432381575
  },
  "Total" : {
    "transaction" : "Total",
    "sampleCount" : 1000,
    "errorCount" : 0,
    "errorPct" : 0.0,
    "meanResTime" : 1234.1319999999982,
    "medianResTime" : 1348.0,
    "minResTime" : 791.0,
    "maxResTime" : 2401.0,
    "pct1ResTime" : 1386.0,
    "pct2ResTime" : 1419.0,
    "pct3ResTime" : 1662.91,
    "throughput" : 0.9998510221976926,
    "receivedKBytesPerSec" : 1.0025771785004034,
    "sentKBytesPerSec" : 0.5959346432381575
  }
}